cBinimelis,https://github.com/cBinimelis
gleeeli,https://github.com/gleeeli
yuwenhui,https://github.com/yuwenhui
tantaiMoon,https://github.com/tantaiMoon
nagpaleshant1,https://github.com/nagpaleshant1
paulplayer,https://github.com/paulplayer
dattnguyen82,https://github.com/dattnguyen82
emilbayes,https://github.com/emilbayes
hunjixin,https://github.com/hunjixin
bcomnes,https://github.com/bcomnes
godcheese,https://github.com/godcheese
cxly0845,https://github.com/cxly0845
ole3021,https://github.com/ole3021
alpegon,https://github.com/alpegon
merritt911,https://github.com/merritt911
iamnapo,https://github.com/iamnapo
Tonimi-coder,https://github.com/Tonimi-coder
changsoojoe,https://github.com/changsoojoe
brandnpatterson,https://github.com/brandnpatterson
sunhongya,https://github.com/sunhongya
hsribei,https://github.com/hsribei
yunpengGit,https://github.com/yunpengGit
nielsbom,https://github.com/nielsbom
mrstroz,https://github.com/mrstroz
RangerMauve,https://github.com/RangerMauve
alanmathew333,https://github.com/alanmathew333
zxiaohong,https://github.com/zxiaohong
teenasharma,https://github.com/teenasharma
sumnulu,https://github.com/sumnulu
nishit321,https://github.com/nishit321
